DAY 1,,,,,
Monday,11/6/2017,8:30 AM,Welcome to Day 1 of Dreamforce 2017,https://www.salesforce.com/video/1722842/,https://www.youtube.com/watch?v=3aZT2M0KlnQ
Monday,11/6/2017,9:00 AM,State of Marketing,https://www.salesforce.com/video/1713193/,https://www.youtube.com/watch?v=TSZnnuSUc68
Monday,11/6/2017,9:35 AM,AppExchange ISV Keynote Opening,https://www.salesforce.com/video/1712094/,https://www.youtube.com/watch?v=2MvWqDd423I
Monday,11/6/2017,10:15 AM,AppExchange ISV Keynote: Winning Together in the Salesforce Ecosystem,https://www.salesforce.com/video/1575739,https://www.youtube.com/watch?v=3bjJZ8xyWXo
Monday,11/6/2017,10:45 AM,Enhancing The Travel Manager’s Ability To Impact The Bottom Line,https://www.salesforce.com/video/1704275/,https://www.youtube.com/watch?v=T9VU-IdKmRM
Monday,11/6/2017,11:15 AM,The Promise of Artificial Intelligence with the World Economic Forum,https://www.salesforce.com/video/1587782,https://www.youtube.com/watch?v=tEseXT13qMg
Monday,11/6/2017,11:20 AM,Dreamtalk: Connection as Cure - Bringing Together Tech and Healthcare,https://www.salesforce.com/video/1683810,https://www.youtube.com/watch?v=y8T6ITjVj5Y
Monday,11/6/2017,11:20 AM,Admins Panel,https://www.salesforce.com/video/1704277/,https://www.youtube.com/watch?v=hYYPlLniTMI
Monday,11/6/2017,11:30 AM,Future-Proofing Your Industry in Partnership with the World Economic Forum,https://www.salesforce.com/video/1587783,https://www.youtube.com/watch?v=Fk1E3W3R9Gc
Monday,11/6/2017,11:30 AM,Manufacturing Keynote: Disrupting Your Way to a Connected Customer Experience,https://www.salesforce.com/video/1667796,https://www.youtube.com/watch?v=3Pkwz17vOC0
Monday,11/6/2017,11:30 AM,Bringing Wisdom to Cancer Research,https://www.salesforce.com/video/1691306,https://www.youtube.com/watch?v=6bJ_NosgY7s
Monday,11/6/2017,11:30 AM,Gear Up For Growth with Salesforce Essentials,https://www.salesforce.com/video/1661090/,https://www.youtube.com/watch?v=dit7i4HBX2k
Monday,11/6/2017,11:30 AM,Being Color Brave: A Conversation with Mellody Hobson,https://www.salesforce.com/video/1564587,https://www.youtube.com/watch?v=R_jLel-UVrk
Monday,11/6/2017,12:00 PM,Consulting Partner Keynote: Driving Lasting Customer Success,https://www.salesforce.com/video/1564576,https://www.youtube.com/watch?v=uOc0GmIcpuA
Monday,11/6/2017,12:50 PM,"Gender Gap: Facts, Fictions, and Calls to Action, with the World Economic Forum",https://www.salesforce.com/video/1587781,https://www.youtube.com/watch?v=teuLGcqM_Uk
Monday,11/6/2017,1:00 PM,Coast to Coast with Mark Cuban: Tips for Success from Founders Across the US,https://www.salesforce.com/video/1667797,https://www.youtube.com/watch?v=hIctG1-lmD8
Monday,11/6/2017,1:20 PM,AppExchange Demo Jam,https://www.salesforce.com/video/1709995/,https://www.youtube.com/watch?v=3LhYyAD4cHY
Monday,11/6/2017,1:30 PM,Salesforce Community Cloud Keynote: Put Your Customer in the Driver's Seat,https://www.salesforce.com/video/1564583,https://www.youtube.com/watch?v=-yd89KLB7Ks
Monday,11/6/2017,1:30 PM,Dreamtalk: Making Blockchain Useful for the Enterprise,,
Monday,11/6/2017,1:30 PM,Technology Innovation as a Force for Good,https://www.salesforce.com/video/1580181,https://www.youtube.com/watch?v=Afd6iwZWkwg
Monday,11/6/2017,1:30 PM,A conversations with Sallie Krawcheck/Ellevest,https://www.salesforce.com/video/1722843/,https://www.youtube.com/watch?v=B-d-GGiHEiU
Monday,11/6/2017,1:45 PM,Improving employee Quality of Life on the Salesforce Platform,https://www.salesforce.com/video/1704274,https://www.youtube.com/watch?v=U0ZO9gA-A0E
Monday,11/6/2017,2:00 PM,"Dreamforce '17 ""We Are All Trailblazers"" Keynote Opening",https://www.salesforce.com/video/1667348,https://www.youtube.com/watch?v=TlGW_OXqf44
Monday,11/6/2017,2:30 PM,We Are All Trailblazers: Customer Success in the Fourth Industrial Revolution,https://www.salesforce.com/video/1587780,https://www.youtube.com/playlist?list=PLnobS_RgN7JYFORXrHY5Q-ICIhKB5s0Is
DAY 2,,,,,
Tuesday,11/7/2017,8:30 AM,Welcome to Day 2 of Dreamforce 2017,https://www.salesforce.com/video/1718399/,https://www.youtube.com/watch?v=jAiHGwmREho
Tuesday,11/7/2017,9:00 AM,Bluewolf Celebrates Women Leaders,https://www.salesforce.com/video/1713194,https://www.youtube.com/watch?v=Iw-_ApdedX0
Tuesday,11/7/2017,9:35 AM,What does the General Data Protection Regulation (GDPR) Change for Every Business?,https://www.salesforce.com/video/1728152,https://www.youtube.com/watch?v=fLPnMBRjYrk
Tuesday,11/7/2017,10:15 AM,Transforming Activism from Grassroots to Global,https://www.salesforce.com/video/1704272/,https://www.youtube.com/watch?v=DJHLHeq4wOY
Tuesday,11/7/2017,10:45 AM,Interview with Google Cloud CMO,https://www.salesforce.com/video/1720938/,https://www.youtube.com/watch?v=CAt9auEzmaA
Tuesday,11/7/2017,11:15 AM,Build an App in 5 Minutes,https://www.salesforce.com/video/1704273/,https://www.youtube.com/watch?v=t9ni8odcBFM
Tuesday,11/7/2017,11:20 AM,Salesforce Einstein Keynote Opening,https://www.salesforce.com/video/1667349,https://www.youtube.com/watch?v=YvSdJrzRCqU
Tuesday,11/7/2017,11:20 AM,Salesforce Einstein: Blaze New Trails with AI,https://www.salesforce.com/video/1564584,https://www.youtube.com/watch?v=3otRHCutmb8
Tuesday,11/7/2017,11:30 AM,Dreamtalk: will.i.am. - The Next Evolution of Interactive A.I.,https://www.salesforce.com/video/1688122,https://www.youtube.com/watch?v=o8WN3Pg-CiE
Tuesday,11/7/2017,11:30 AM,Salesforce CPQ & Billing Keynote: Maximize Revenue from Lead to Cash,https://www.salesforce.com/video/1667802,https://www.youtube.com/watch?v=Lp-6GfJFyo8
Tuesday,11/7/2017,11:30 AM,Fortune CEO Series: Reshaping the World,https://www.salesforce.com/video/1580185,https://www.youtube.com/watch?v=0Dw_wAl-Li0
Tuesday,11/7/2017,11:30 AM,Small Business Essentials Keynote: Gear Up for Growth,https://www.salesforce.com/video/1574660,https://www.youtube.com/watch?v=ECqyP4IX2qU
Tuesday,11/7/2017,11:30 AM,Executive Summit Lunch: Fortune Leadership Dialogue,https://www.salesforce.com/video/1683808,https://www.youtube.com/watch?v=K3PNXdBqGro
Tuesday,11/7/2017,12:00 PM,A Brief History of AI,https://www.salesforce.com/video/1713120,https://www.youtube.com/watch?v=F-KNDH3m8mw
Tuesday,11/7/2017,12:50 PM,Innovation Panel: Fortune Partners™ Top Service Leaders Award Winners,https://www.salesforce.com/video/1704278,https://www.youtube.com/watch?v=9441U9lalIg
Tuesday,11/7/2017,1:00 PM,Healthcare & Life Sciences Keynote: Trailblazing a New Industry Path,https://www.salesforce.com/video/1593450,https://www.youtube.com/watch?v=Dfdo0pFOa68
Tuesday,11/7/2017,1:20 PM,Service Cloud Keynote Opening,https://www.salesforce.com/video/1720939,https://www.youtube.com/watch?v=lxKv_Vz-AmI
Tuesday,11/7/2017,1:30 PM,Service Cloud Keynote: Transform Your Service with the #1 Service Platform,https://www.salesforce.com/video/1575737,https://www.youtube.com/watch?v=ABMaYVdYmyc
Tuesday,11/7/2017,1:30 PM,AI: The Missing Middle and the Future of Work,https://www.salesforce.com/video/1596666,https://www.youtube.com/watch?v=e1YjN9ORI0k
Tuesday,11/7/2017,1:30 PM,Fortune CEO Series: The Ocean is Everyone's Business,https://www.salesforce.com/video/1580183,https://www.youtube.com/watch?v=IqWwZao6qDI
Tuesday,11/7/2017,1:30 PM,Salesforce for Developers Keynote: Build Faster and Smarter with Salesforce,https://www.salesforce.com/video/1564585,https://www.youtube.com/watch?v=7AHpJP39Kv8
Tuesday,11/7/2017,1:45 PM,Great Ormond Street Hospital Charity (GOSH Charity),https://www.salesforce.com/video/1720937,https://www.youtube.com/watch?v=V5ousCTKOno
Tuesday,11/7/2017,2:00 PM,Dreamtalk: AI for Good - Augmented Intelligence,https://www.salesforce.com/video/1580184,https://www.youtube.com/watch?v=FTY2FGKO1-s
Tuesday,11/7/2017,2:30 PM,Talkdesk - The Intelligent Contact Center,https://www.salesforce.com/video/1704279/,https://www.youtube.com/watch?v=h6wJ4Z0Ve8k
Tuesday,11/7/2017,2:30 PM,The Era of Augmented Intelligence: Einstein Discovery,https://www.salesforce.com/video/1667803,https://www.youtube.com/watch?v=L5kCTUv7nF4
Tuesday,11/7/2017,3:15 PM,Kimco + Einstein. Is this the right place to put a sushi burrito place?,https://www.salesforce.com/video/1722789,https://www.youtube.com/watch?v=aIqxhkJOEz0
Tuesday,11/7/2017,3:20 PM,Marketing Cloud Keynote Opening,https://www.salesforce.com/video/1667350,https://www.youtube.com/watch?v=HCmtIiMoV9k
Tuesday,11/7/2017,3:20 PM,Marketing Cloud Keynote: Trailblazing in the Age of Intelligent Marketing,https://www.salesforce.com/video/1661288,https://www.youtube.com/watch?v=Ou0M-3bGupU
Tuesday,11/7/2017,3:20 PM,"""Fortune CEO Series: How AI is Transforming the Future of Business"" Opening",https://www.salesforce.com/video/1667798,https://www.youtube.com/watch?v=Dal6D2Nckvw
Tuesday,11/7/2017,3:20 PM,Fortune CEO Series: How AI is Transforming the Future of Business,https://www.salesforce.com/video/1587784,https://www.youtube.com/watch?v=CQuuJAuSuGQ
Tuesday,11/7/2017,3:30 PM,Fireside Chat with Marc Benioff and Diane Greene,https://www.salesforce.com/video/1705703/,https://www.youtube.com/watch?v=dDEwl39jRpg
Tuesday,11/7/2017,3:45 PM,How Fast-Moving Companies are Transforming CRM Data into Differentiated Customer Experiences,https://www.salesforce.com/video/1704283/,https://www.youtube.com/watch?v=K_ddArvioe4
Tuesday,11/7/2017,4:00 PM,Trailhead Keynote: Reinvent Learning and Enablement,https://www.salesforce.com/video/1667804,https://www.youtube.com/watch?v=WI9pDZHP1fs
Tuesday,11/7/2017,4:15 PM,Quip: Modern Collaboration for the Way Teams Work,https://www.salesforce.com/video/1691354/,https://www.youtube.com/watch?v=2Wa4DF-pO5Q
Tuesday,11/7/2017,4:15 PM,Dreampitch '17 Opening,https://www.salesforce.com/video/1667351,https://www.youtube.com/watch?v=QwOK_92eqa0
Tuesday,11/7/2017,4:15 PM,Dreampitch 17,https://www.salesforce.com/video/1580179,https://www.youtube.com/watch?v=jnldlWc8_lk
Tuesday,11/7/2017,4:45 PM,Transform Quote-to-Cash with Salesforce CPQ and DigitalGlobe,https://www.salesforce.com/video/1691355/,https://www.youtube.com/watch?v=hIiOF0LTUf0
DAY 3,,,,,
Wednesday,11/8/2017,8:15 AM,Welcome to Day 3 of Dreamforce 2017,https://www.salesforce.com/video/1718400,https://www.youtube.com/watch?v=tooiDFkwZKs
Wednesday,11/8/2017,9:00 AM,How AI-Powered Personalization Drives Better Shopping Experiences,https://www.salesforce.com/video/1691303/,https://www.youtube.com/watch?v=WQqYt4k3ypI
Wednesday,11/8/2017,9:00 AM,Dreamtalk: Never Quit,https://www.salesforce.com/video/1641725,https://www.youtube.com/watch?v=dXkdbzTPli4
Wednesday,11/8/2017,9:00 AM,Announcing Success Cloud Keynote: Revealing Our Secret for Your Success,https://www.salesforce.com/video/1575736,https://www.youtube.com/watch?v=dwqTt7Ndu4c
Wednesday,11/8/2017,9:20 AM,Sales Cloud Keynote Opening,https://www.salesforce.com/video/1667795,https://www.youtube.com/watch?v=2K5rOTK4lMc
Wednesday,11/8/2017,9:20 AM,Sales Cloud Keynote: Meet the Full Power of the #1 Sales Platform,https://www.salesforce.com/video/1564588,https://www.youtube.com/watch?v=GPSCAB2S5pc
Wednesday,11/8/2017,9:30 AM,Supercharging Every Salesforce Report with Einstein,https://www.salesforce.com/video/1667800,https://www.youtube.com/watch?v=UbnmfVb5MNA
Wednesday,11/8/2017,9:30 AM,Equality Summit: Changing the Face of Entertainment,https://www.salesforce.com/video/1564581,https://www.youtube.com/watch?v=Irr_6QFru3E
Wednesday,11/8/2017,9:30 AM,Power UP: How You Win in the New Economy,https://www.salesforce.com/video/1623266,https://www.youtube.com/watch?v=0-1xrEQyFOo
Wednesday,11/8/2017,9:45 AM,How One Canadian Small Business Raised $18M From Morgan Stanley Using Salesforce,https://www.salesforce.com/video/1722844/,https://www.youtube.com/watch?v=CdqMb3fbexY
Wednesday,11/8/2017,10:30 AM,How Artificial Intelligence Can Help You Get 100x More Work Done,https://www.salesforce.com/video/1718054,https://www.youtube.com/watch?v=2Er_h6MD-kk
Wednesday,11/8/2017,11:00 AM,Fireside Chat with Brunello Cucinelli and Marc Benioff,https://www.salesforce.com/video/1580186,https://www.youtube.com/watch?v=NnAO1YLAk6k
Wednesday,11/8/2017,11:00 AM,Commerce Cloud Keynote: Transforming Shopping in the Age of AI & Mobility,https://www.salesforce.com/video/1579368,https://www.youtube.com/watch?v=zaLU_uZ_J-s
Wednesday,11/8/2017,11:15 AM,TMobile's Digital Transformation,https://www.salesforce.com/video/1704724/,https://www.youtube.com/watch?v=gsIDGpy6g-A
Wednesday,11/8/2017,11:15 AM,Equality Summit: Authentic Leadership,https://www.salesforce.com/video/1564578,https://www.youtube.com/watch?v=_58LNSmUoAo
Wednesday,11/8/2017,11:30 AM,Financial Services Keynote: Build Loyalty by Unlocking Your Firm’s Full Power,https://www.salesforce.com/video/1653639,https://www.youtube.com/watch?v=i6n4rWLDaw0
Wednesday,11/8/2017,11:30 AM,B2B Marketing Keynote: Marketing That Sales Teams Love,https://www.salesforce.com/video/1668174,https://www.youtube.com/watch?v=Hn4KXlwykXA
Wednesday,11/8/2017,1:00 PM,"How the Make-A-Wish Foundation Manages Volunteers, Fundraising, and Granting Wishes",https://www.salesforce.com/video/1704726/,https://www.youtube.com/watch?v=If9Qc_BkRxQ
Wednesday,11/8/2017,1:00 PM,The Future of Work with Ginni Rometty and Marc Benioff,https://www.salesforce.com/video/1580180,https://www.youtube.com/watch?v=9QianiRkONg
Wednesday,11/8/2017,1:00 PM,Equality Summit: Activists Standing Up for Equality,https://www.salesforce.com/video/1564586,https://www.youtube.com/watch?v=A-T2CwKI8iQ
Wednesday,11/8/2017,1:00 PM,Salesforce Analytics Keynote: Complete Analytics Powered by Einstein,https://www.salesforce.com/video/1564577,https://www.youtube.com/watch?v=WYDdz9cNapI
Wednesday,11/8/2017,1:30 PM,"AARP, Acumen Solutions, and Salesforce: Partnering to Realize AARP's Social Mission",https://www.salesforce.com/video/1722845/,https://www.youtube.com/watch?v=IWZyDiDNPeg
Wednesday,11/8/2017,1:30 PM,"A Mega Lightning Session: With UPS, Commscope & Salesforce Product Leaders",https://www.salesforce.com/video/1674003,https://www.youtube.com/watch?v=IwqWRPkfkSo
Wednesday,11/8/2017,1:30 PM,Salesforce Platform Keynote: Empowering IT to Build Around Your Customer,https://www.salesforce.com/video/1570101,https://www.youtube.com/watch?v=Bs_VWQ31Y08
Wednesday,11/8/2017,2:30 PM,IBM and Salesforce's Global Partnership,https://www.salesforce.com/video/1691356/,https://www.youtube.com/watch?v=4QEMJ6oaTow
Wednesday,11/8/2017,2:45 PM,Equality Summit: The Path To Equal Pay: A Conversation With Natalie Portman,https://www.salesforce.com/video/1564579,https://www.youtube.com/watch?v=kgjYWU-BgWs
Wednesday,11/8/2017,3:00 PM,Dreamtalk: Mayor Michael Tubbs - What's in a Name?,https://www.salesforce.com/video/1596667,https://www.youtube.com/watch?v=7SkLiALiXF0
Wednesday,11/8/2017,3:00 PM,Quip Keynote: The Modern Collaboration Platform,https://www.salesforce.com/video/1577661,https://www.youtube.com/watch?v=25frX7d8eIc
Wednesday,11/8/2017,3:00 PM,Parker Harris' True to the Core: What's Next for Our Core Products,https://www.salesforce.com/video/1668175,https://www.youtube.com/watch?v=b_oKxGY_FBI
Wednesday,11/8/2017,3:15 PM,Holiday Shopping Predictions and Trends,https://www.salesforce.com/video/1691357/,https://www.youtube.com/watch?v=dVmkT8UhgHg
Wednesday,11/8/2017,3:30 PM,Dreamtalk: Inclusive Capitalism,https://www.salesforce.com/video/1598637,https://www.youtube.com/watch?v=3Moyfky5fuw
Wednesday,11/8/2017,4:00 PM,An Interview with Compass CEO Robert Reffkin,https://www.salesforce.com/video/1704727/,https://www.youtube.com/watch?v=U0x9ENGPcAs
Wednesday,11/8/2017,4:20 PM,"Equality Keynote: Art, Activism, and Impact Opening",https://www.salesforce.com/video/1720981,https://www.youtube.com/watch?v=4Q7ZtCD6XTQ
Wednesday,11/8/2017,4:30 PM,"Equality Keynote: Art, Activism, and Impact",https://www.salesforce.com/video/1669055,https://www.youtube.com/watch?v=2XGZFZ2j4-s
Wednesday,11/8/2017,4:45 PM,How 21st Century Fox is Personalizing Experiences to Turn Every Customer into a Super Fan,https://www.salesforce.com/video/1691359/,https://www.youtube.com/watch?v=8OxNeXcPOHs
Wednesday,11/8/2017,5:00 PM,Salesforce for Admins Keynote,https://www.salesforce.com/video/1565316,https://www.youtube.com/watch?v=YUOC_5Mt-So
DAY 4,,,,,
Thursday,11/9/2017,8:30 AM,Welcome to Day 4 of Dreamforce 2017,https://www.salesforce.com/video/1718401,https://www.youtube.com/watch?v=jZi88MMN8K0
Thursday,11/9/2017,9:00 AM,Meet the Appventurer Trailblazers,https://www.salesforce.com/video/1691358/,https://www.youtube.com/watch?v=FEtCM9I_XWw
Thursday,11/9/2017,9:30 AM,Sisters First: A fireside chat with Jenna Bush Hager and Barbara Bush,https://www.salesforce.com/video/1580182,https://www.youtube.com/watch?v=m2x0WejeZZ0
Thursday,11/9/2017,9:45 AM,How DF Help Drives Digital Engagement with Dreamforce's Trailblazers,https://www.salesforce.com/video/1691360/,https://www.youtube.com/watch?v=OYDd_sIAg8A
Thursday,11/9/2017,10:30 AM,Disrupting Goliath,https://www.salesforce.com/video/1717281,https://www.youtube.com/watch?v=zyy4tZW3BJE
Thursday,11/9/2017,10:30 AM,Compassion in Action,https://www.salesforce.com/video/1668299,https://www.youtube.com/watch?v=TF4E88TDQKA
Thursday,11/9/2017,11:15 AM,Salesforce's Growing Footprint,https://www.salesforce.com/video/1704728/,https://www.youtube.com/watch?v=RW0HafyEV38
Thursday,11/9/2017,11:30 AM,Dreamtalk: A Voice from the Field - The Rohingya Refugee Crisis,https://www.salesforce.com/video/1721787,https://www.youtube.com/watch?v=VMUfZwC39hs
Thursday,11/9/2017,1:00 PM,Build Rich Customer Experiences with Heroku,https://www.salesforce.com/video/1691361/,https://www.youtube.com/watch?v=9yCPtXLxcTs